Question,Model Answer,Student Answer,OpenAI Justification,OpenAI Score,Original Score,Time taken for OpenAI API,Time taken for Original API
What is the greenhouse effect and how does it contribute to global warming?,"The greenhouse effect is the natural process of gases in Earth's atmosphere trapping heat, maintaining the planet's temperature. Human activities like burning fossil fuels have increased these gases, enhancing the effect and causing global warming.","The greenhouse effect is when Earth gets hotter due to gases in the air. Things like cars and factories cause more gases, which leads to global warming.","The student's answer captures the essence of the greenhouse effect and its connection to global warming, but is less precise and detailed than the model answer. They mention human activities, such as cars and factories, which contribute to an increase in greenhouse gases. Although the answer is not as thorough as the model answer, it shows a basic understanding of the concept.",75.0,73.406824395294,12.239335060119629,15.210371732711792
Describe the process of mitosis in cell division.,"Mitosis is a process of cell division, resulting in two identical cells from one parent cell. It involves stages - Prophase, Metaphase, Anaphase, Telophase, and then Cytokinesis, where the cell divides.","Mitosis is how a cell divides to make more cells. It has steps like Prophase, Metaphase, Anaphase, Telophase, and then the cell splits into two.","The student's answer correctly identifies mitosis as a process of cell division and accurately lists the stages of Prophase, Metaphase, Anaphase, Telophase, and cell splitting. Although not as detailed as the model answer, the student's answer still captures the main points of the process.",85.0,80.81224655083776,11.42613697052002,0.9687161445617676
How did the Industrial Revolution impact society and economy in the 19th century?,"The Industrial Revolution shifted economy from agrarian to industry-based, causing urbanization and emergence of a working class. Economically, it led to growth and wealth generation, but also economic disparity and social issues.",The Industrial Revolution made people move to cities for factory jobs. It made some people very rich but also led to problems like child labor.,"The student's answer captures the essence of the Industrial Revolution's impact on society and economy in the 19th century, mentioning urbanization, wealth generation, and social issues. However, it is not as detailed or precise as the model answer and does not mention the shift from an agrarian to an industry-based economy.",80.0,70.60516265380895,12.446547269821167,0.9079537391662598
What are some key principles of the scientific method?,"The scientific method includes making observations, formulating a hypothesis, conducting experiments, analyzing data, and drawing conclusions. Results should be reproducible and subject to peer review.","The scientific method is about observing, guessing, doing experiments, checking data, and deciding if you're right. Other people should also be able to do the same experiment and get the same result.","The student's answer effectively covers the key principles of the scientific method, using simpler language but still conveying the essential components. Although it does not mention peer review specifically, it does touch on the concept of reproducibility and implies verification by others.",90.0,70.89846911236776,9.799890995025635,0.44011902809143066
How does photosynthesis work in plants?,Photosynthesis is the process where plants use sunlight to convert carbon dioxide and water into glucose and oxygen. This process is vital for the plant's growth and releasing oxygen into the atmosphere.,"Photosynthesis is how plants make food and oxygen. They use sunlight, air, and water to do it.","The student's answer correctly identifies the main elements of photosynthesis (sunlight, air, water, food, and oxygen) and acknowledges the process of how plants make food and oxygen. However, the answer lacks the specific detail of converting carbon dioxide and water into glucose and might not mention the importance of the process for plant growth and releasing oxygen into the atmosphere.",80.0,79.48052157205099,22.536617040634155,0.37210798263549805
What were the causes and effects of the American Civil War?,"The American Civil War was caused by disputes over slavery and states' rights. Its effects included the abolition of slavery, significant loss of life, economic change, and laying the groundwork for modern America.","The American Civil War happened because of fights over slavery. It ended slavery, caused many deaths, changed the economy, and helped shape America.","The student's answer effectively addresses the causes and effects of the American Civil War. It mentions the disputes over slavery and covers the key effects, including the abolition of slavery, loss of life, economic change, and shaping modern America. Although it doesn't mention states' rights explicitly, the overall essence of the model answer is captured in the student's response.",90.0,76.54367305028383,12.736531019210815,1.047489881515503
How does gravity work?,"Gravity is the force that attracts two objects toward each other. The greater the mass of an object, the stronger its gravitational pull. This is why Earth, being much more massive than us, pulls us towards its center, keeping us grounded.","Gravity is like a force that pulls things together. It's why we don't float off the ground, because Earth's gravity is pulling us down.","The student's answer accurately describes gravity as a force pulling things together and explains its effect on Earth. While the answer does not mention the relationship between mass and gravitational pull, it still captures the basic idea of gravity and its impact on us.",85.0,59.74743094301228,10.347524881362915,0.9849762916564941
What is the function of the heart in the human body?,"The heart's main function is to pump blood throughout the body, delivering oxygen and nutrients to the tissues and removing carbon dioxide and other wastes.",The heart is like a pump for the body. It sends blood all around to give oxygen and food to our body parts and take away the bad stuff.,"The student's answer captures the main function of the heart, which is to pump blood and provide oxygen and nutrients to the body, while also mentioning the removal of waste. Although not using the same exact phrasing or scientific terms as the model answer, the student's answer still conveys the correct core concept.",90.0,75.2006894785076,12.352389097213745,1.0360159873962402
"What was the Enlightenment, and how did it change society?","The Enlightenment was an intellectual and philosophical movement in 18th-century Europe. It promoted reason, science, and individual rights, influencing the development of democratic institutions and sparking societal and political changes.",The Enlightenment was when people in Europe started thinking more about science and reason. It made society more focused on individuals and led to changes in government.,"The student's answer captures the main ideas of the Enlightenment, mentioning its focus on science and reason, changes in society, and influence on government institutions. Though it does not provide the specific time period or mention the development of democratic institutions explicitly, the overall understanding is evident and concise.",90.0,73.60423818877241,9.920330047607422,0.9225780963897705
What is natural selection and how does it contribute to evolution?,"Natural selection is a process where individuals with advantageous traits are more likely to survive and reproduce, passing these traits to the next generation. Over time, this can lead to significant changes in species, a process known as evolution.","Natural selection is when animals with better skills survive and have babies. Over a long time, this can change the whole species, which is called evolution.","The student's answer provides a simplified explanation of natural selection and its role in evolution. Although it does not use the exact terminology as the model answer, it accurately portrays the core concept.",85.0,71.16341996627979,10.012831926345825,0.919625997543335
What are renewable energy sources and why are they important?,"Renewable energy sources are those that can be replenished naturally in a short time, like solar, wind, and hydro energy. They are important because they are sustainable, reduce dependence on fossil fuels, and help mitigate climate change.","Renewable energy comes from things that don't run out, like sun, wind, and water. They're good because they won't finish, don't need fossil fuels, and don't harm the environment.","The student's answer captures the main points of the model answer, even if the wording is slightly different. They mention the same types of energy sources (solar, wind, and hydro), as well as emphasize sustainability, independence from fossil fuels, and environmental benefits.",90.0,62.057595512279185,8.710078239440918,1.0362050533294678
How did World War II impact the world politically and socially?,"World War II led to significant political changes, including the emergence of the United States and the Soviet Union as superpowers. Socially, it fostered movements for decolonization and civil rights, but also caused devastating loss of life and displacement.","After World War II, the USA and the Soviet Union became superpowers. It also made people fight for their rights and freedom, but many people died or lost their homes.","The student's answer covers the main points mentioned in the model answer, such as the rise of the United States and the Soviet Union as superpowers, as well as touching upon the social impacts of the war. While the answer is simplified compared to the model answer, it still captures the essence of the required information. However, the student could have expanded on the decolonization and civil rights movements for further clarity.",85.0,67.17449487804214,19.485021829605103,0.77370285987854
What are plate tectonics and how do they contribute to earthquakes and volcanic activity?,"Plate tectonics is the theory that Earth's crust is made of large pieces that move over time. Their movement can cause earthquakes when they grind against each other, or volcanic activity when one plate is forced under another and melts.","Plate tectonics is about Earth's crust being like puzzle pieces moving around. When they hit or slide past each other, it can cause earthquakes. Volcanoes can happen when one piece goes under another and melts.","The student's answer captures the basic concepts of plate tectonics, as well as how they contribute to earthquakes and volcanic activity. The answer is concise and accurate, even if it uses less formal language than the model answer. The student demonstrates a clear understanding of the topic.",92.0,80.33055247294068,10.49660611152649,1.080090045928955
What is artificial intelligence and how is it used in everyday life?,"Artificial intelligence (AI) is a field of computer science focused on creating systems that perform tasks that usually require human intelligence. In everyday life, AI is used in various ways, from voice assistants like Siri or Alexa to recommendation systems on streaming platforms.","Artificial intelligence is like when computers can do things like humans. We use it in our daily life like when we talk to Siri or Alexa, or when Netflix suggests a movie we might like.","The student's answer closely aligns with the model answer, demonstrating understanding of artificial intelligence and providing examples of usage in everyday life. Although the answer is not as detailed, it still covers the main points of the model answer.",85.0,65.89500390587905,9.835188865661621,0.8472690582275391
How did the French Revolution impact France and Europe?,"The French Revolution marked the end of absolute monarchy in France and introduced democratic principles. It also sparked a wave of revolutions across Europe, leading to political and social change.",The French Revolution made France a democracy and ended the king's rule. It also led to other revolutions in Europe and changed society and government.,"The student's answer captures the essence of the model answer by mentioning the end of absolute monarchy in France, the shift to democracy, and the impact on Europe through subsequent revolutions and changes to society and government.",90.0,77.72695575937104,8.81489086151123,0.9730229377746582
What is the theory of relativity and who proposed it?,"The theory of relativity, proposed by Albert Einstein, includes two parts: special relativity and general relativity. Special relativity states that the laws of physics are the same for all non-accelerating observers and that the speed of light is the same for all observers. General relativity is a theory of gravitation where gravity is not a force but a curvature in space-time caused by mass and energy.",Relativity is a big idea from Einstein. It says stuff about how light speed is always the same and gravity is like a bend in space. Or something like that.,"The student's answer captures the general idea of the theory of relativity and mentions Einstein as the proposer, but it lacks details and accuracy. While the answer refers to the speed of light and gravity, it does not clearly differentiate between special relativity and general relativity or accurately describe the concepts involved.",50.0,51.63943017267897,13.953373908996582,0.8663699626922607
What are human rights and why are they important?,"Human rights are the basic rights and freedoms to which all individuals are entitled, such as the right to life, liberty, free speech, and privacy. They are important because they ensure dignity, equality, and respect for all people, regardless of nationality, sex, ethnicity, religion, or other status.","Human rights are like, the rules that say everyone should be treated fairly and can do things like talk freely, live safely, and have privacy. They're important because they make sure everyone is respected.","The student's answer captures the essence of human rights and their importance but could have elaborated on the rights a bit more. Their answer is less formal than the model answer and does not include specific examples like nationality, sex, ethnicity, or religion, but it still conveys the main ideas.",85.0,67.6144085720797,11.248899936676025,0.8384478092193604
What is quantum physics and how does it challenge our understanding of the physical world?,"Quantum physics, or quantum mechanics, is a branch of physics that deals with phenomena on a very small scale, such as molecules, atoms, and subatomic particles. It challenges our understanding of the physical world because it includes principles that seem counterintuitive, such as superposition (particles can be in multiple places at once) and entanglement (particles can be instantly connected regardless of distance).",Quantum physics is about really tiny stuff like atoms and even smaller things. It's weird and tricky because it says stuff can be in more than one place at the same time and particles can talk to each other instantly even if they're far away.,"The student's answer does address the main points of the model answer, but the language used is informal and lacks precision. They mention ""tiny stuff like atoms and even smaller things"" instead of specifically mentioning molecules, atoms, and subatomic particles, and they use phrases like ""weird and tricky"" and ""stuff can be in more than one place"" that don't capture the nuance of superposition and entanglement. While the essence of the answer is correct, it lacks the clarity and accuracy of the model answer.",70.0,64.95276633602256,19.622501850128174,0.9608440399169922
What is a black hole and how is it formed?,"A black hole is a region of space where gravity is so strong that nothing, not even light, can escape from it. They are formed when a large star collapses under its own gravity after depleting its nuclear fuel.","Black holes are like these big space things that suck everything in, even light can't escape. They happen when a star, like, explodes or something and then falls in on itself.","The student's answer does convey the basic concepts of a black hole and its formation but uses informal language and is less specific in the details. They mentioned that black holes ""suck everything in"" and ""even light can't escape"" which correctly represents the immense gravity of a black hole. They also touched on the correct idea that a star ""falls in on itself"" but the description of a star ""exploding"" is not accurate for black hole formation.",65.0,67.09156745431854,19.531578063964844,0.9413621425628662
What is photosynthesis and why is it important to life on Earth?,"Photosynthesis is a process used by plants, algae, and some bacteria to convert light energy, usually from the Sun, into chemical energy in the form of glucose. It's crucial for life on Earth as it produces oxygen and serves as the base of the food chain.","Photosynthesis is what plants do to make food using sunlight. It's important because it makes oxygen, which we need to breathe, and it also feeds the plants, and then the animals eat the plants, and we eat the plants and animals.","The student's answer demonstrates a basic understanding of photosynthesis and its importance. They correctly identified that it's a process used by plants to make food using sunlight and that it has a crucial role in providing oxygen and food for all living organisms. However, the answer lacks specific details and terminology found in the model answer, such as the involvement of algae and bacteria and the conversion of light energy into chemical energy in the form of glucose.",75.0,69.33422223695432,15.5662260055542,1.0741639137268066
What is the structure of an atom?,"An atom consists of a central nucleus, which contains protons and neutrons, surrounded by a cloud of electrons that move in orbital shells.","An atom is like a solar system, with the sun in the middle and planets going around it.","The student's answer is a simplified analogy and does not include specific details about the atomic structure but still manages to capture the basic idea. They do not mention protons, neutrons or electrons, or the nucleus.",40.0,50.35660644755232,14.990435123443604,0.4412252902984619
Why is the ozone layer important?,"The ozone layer absorbs most of the Sun's harmful ultraviolet (UV) radiation, which can cause skin cancer and cataracts in humans and harm ecosystems.",The ozone layer is important because it gives us air to breathe.,"The student's answer does not address the main purpose of the ozone layer, which is to protect us from harmful ultraviolet radiation. The student's answer provided an incorrect purpose for the ozone layer.",0.0,42.543353358869574,9.933052778244019,0.3961670398712158
What is the difference between a democracy and a dictatorship?,"In a democracy, power is held by the people who elect leaders and have the right to participate in decision-making. In a dictatorship, power is concentrated in the hands of a single leader or a small group, and citizens have limited freedom and political participation.","Democracy and dictatorship are types of money systems. In democracy, money is divided equally, and in dictatorship, one person has all the money.","The student's answer is incorrect as it does not address the main concepts and differences between a democracy and a dictatorship. The answer discusses money systems, which is not related to the political systems required in the question.",0.0,42.937740081106256,9.119710922241211,0.8989012241363525
What causes the seasons to change?,Seasonal changes are caused by the tilt of Earth's axis as it orbits the Sun. This tilt means that different parts of Earth receive different amounts of sunlight at different times of the year.,"Seasons change because the distance between Earth and Sun changes. When Earth is close to the Sun, it's summer, and when it's far, it's winter.","The student's answer is incorrect as it attributes the cause of seasonal changes to the distance between Earth and the Sun, rather than the tilt of the Earth's axis. Although the student mentions the Earth and the Sun, the explanation of the relationship between them is incorrect.",20.0,57.86284226881251,10.60346007347107,0.3760669231414795
What is the function of the kidneys in the human body?,"The kidneys filter the blood to remove waste products and excess substances, which are excreted as urine. They also help regulate blood pressure, electrolyte balance, and red blood cell production.",The kidneys are like storage units in the body where extra food and nutrients are stored for when we need them.,"The student's answer is incorrect as it does not mention the main functions of the kidneys, such as filtering blood, removing waste products, and regulating blood pressure, electrolyte balance, and red blood cell production. Instead, the student provides an unrelated function of storing extra food and nutrients, which is not the role of kidneys in the human body.",0.0,52.08269821719913,12.855198860168457,0.8368477821350098
What are greenhouse gases and how do they affect the Earth's climate?,"Greenhouse gases, like carbon dioxide and methane, trap heat in Earth's atmosphere, creating a 'greenhouse effect.' This effect is essential for life by keeping the planet warm, but an excess of these gases can cause global warming and climate change.",Greenhouse gases are toxic gases that plants give off. They harm the Earth's climate by causing acid rain.,"The student's answer is incorrect as it misidentifies the origin and effects of greenhouse gases. The answer confuses greenhouse gases with toxic gases and attributes the cause of acid rain to them, which is incorrect. The answer does not mention the greenhouse effect, global warming, or climate change.",10.0,57.731269516362275,10.37524700164795,0.8668677806854248
What is DNA and what role does it play in our bodies?,"DNA, or deoxyribonucleic acid, is the molecule that carries the genetic instructions for growth, development, functioning, and reproduction of all known living organisms. It determines our physical characteristics and influences our health.","DNA is like a battery that powers our bodies. Without DNA, we wouldn't have any energy.","The student's answer does not accurately describe what DNA is and its role in our bodies. The student refers to DNA as a battery, which is an incorrect analogy. The answer also lacks any mention of genetic instructions, growth, development, functioning, and reproduction.",10.0,46.033722575861816,9.127532958984375,0.8759832382202148
What are the primary colors and how can they be used to make other colors?,"The primary colors are red, blue, and yellow. By mixing these primary colors, we can create secondary colors: red and blue make purple, blue and yellow make green, and red and yellow make orange.","The primary colors are red, white, and blue. They make all other colors, like red and white make pink, and blue and white make light blue.",The student's answer incorrectly identifies the primary colors (white is not a primary color) and does not provide accurate information about how primary colors can create secondary colors. This answer shows some understanding of color mixing but does not meet the required accuracy.,40.0,75.86070682485638,8.676587104797363,0.8893890380859375
What is the process of evaporation in the water cycle?,"Evaporation is the process where water changes from a liquid state to a gas or vapor, typically under the heat of the sun. This process is a key part of the water cycle, allowing water to travel from Earth's surface to the atmosphere, where it can condense and fall back to the surface as precipitation.","Evaporation is when water disappears. Like, if you leave a glass of water outside, after a few days, there's less water. It just vanishes.","The student's answer demonstrates a basic understanding of the concept of water evaporating and the fact that it can happen when water is left outside. However, the answer falls short in providing complete details, such as the change in the state from liquid to gas, the role of the sun in evaporation, and how it connects to the water cycle and precipitation.",60.0,63.51849593256429,13.296345233917236,0.8608448505401611
How does photosynthesis work and why is it important?,"Photosynthesis is a process used by plants and certain other organisms to convert light energy, usually from the Sun, into chemical energy in the form of glucose, which provides nutrients to the organisms. It also produces oxygen, which is vital for most life forms on Earth.",Photosynthesis is when plants eat sunlight and turn it into color. That's why plants are green. It's important because it makes the plants look nice.,"The student's answer does not accurately explain the process of photosynthesis or its importance. It does mention sunlight but incorrectly links it to the color of the plants. The answer also fails to mention the production of glucose and oxygen, which are crucial aspects of photosynthesis.",10.0,62.937268784041414,9.82915997505188,0.48820924758911133
What is the law of supply and demand?,"The law of supply and demand is an economic theory that explains how a market balances price and the quantity of goods sold. When demand increases and supply remains the same, the price goes up. Conversely, if supply increases and demand remains the same, the price goes down.","It's kind of like a see-saw. If more people want something and there's not enough, the price goes up. But if there's a lot of something and people don't want it, the price goes down.","The student has provided a simplified explanation of the law of supply and demand, which captures the main idea of how price is affected by the relationship between supply and demand. However, the student's response lacks the full economic context and terminology that the model answer provides.",80.0,36.178060216739894,9.51889705657959,20.62361192703247
What is photosynthesis?,"Photosynthesis is a process used by plants and certain other organisms to convert light energy, typically from the Sun, into chemical energy in the form of glucose, which provides nutrients to the organisms.",It's like how plants eat sunlight and make it into their food.,"The student's answer captures the general concept of photosynthesis, which is converting sunlight into food for plants, but it lacks the specific details and terminology found in the model answer.",70.0,46.76596036122114,6.630860090255737,0.9855160713195801
What is a constitutional monarchy?,A constitutional monarchy is a form of government in which a monarch acts as head of state within the parameters of a written or unwritten constitution. The monarch's roles are largely ceremonial with the real power lying with other political leaders.,"It's when a country has a king or queen, but they're more like a figurehead. The real decisions are made by other leaders.","The student's answer captures the essence of a constitutional monarchy, describing the monarch as more of a figurehead and the real decisions being made by other leaders. While the answer is not as detailed as the model answer and does not explicitly mention the constitution, it still covers the main points necessary to understand the concept.",85.0,36.15772594002118,10.241764068603516,0.4878380298614502
What is the theory of evolution by natural selection?,"The theory of evolution by natural selection, proposed by Charles Darwin, suggests that traits that enhance survival and reproduction become more common over generations in a population, leading to changes over time and potentially new species.","It's like survival of the fittest. The animals with the best traits for survival have more babies and over time, the population changes.","The student's answer captures the basic idea of the theory of evolution by natural selection, mentioning the survival of the fittest concept and the change in the population over time. However, it's missing the details, such as being proposed by Charles Darwin, and the possibility of leading to new species.",70.0,51.78913610387317,11.72078013420105,1.0531818866729736
What is the principle of conservation of energy?,"The principle of conservation of energy states that energy can neither be created nor destroyed; instead, it can only be transferred or changed from one form to another.",It's like saying energy just changes its outfit but never disappears or magically appears from nowhere.,"The student's answer provides a metaphor to explain the concept, which demonstrates an understanding of the principle of conservation of energy. However, it lacks the formal definition found in the model answer.",85.0,49.193317499066644,9.873745918273926,0.811927080154419
What is photosynthesis?,"Photosynthesis is a process used by plants and other organisms to convert light energy, typically from the Sun, into chemical energy in the form of glucose, which fuels their activities.",Photosynthesis be like plants taking sun light and making it into food for themselves.,"The student's answer captures the basic idea of photosynthesis, but it is not as detailed or scientifically accurate as the model answer. The student did not mention converting light energy into chemical energy or glucose specifically, and the informal language used might not be appropriate for a more formal setting.",65.0,65.11646513388179,10.919054985046387,0.5246520042419434
How does gravity work?,"Gravity is a force that attracts two objects towards each other. The more massive an object is, the stronger its gravitational pull. It's why we stay on the ground instead of floating off into space.","Gravity is like magnet, but for all things. Big stuff have more gravity. It why we don't fly off Earth.","The student's answer demonstrates an understanding of the concept of gravity but uses informal language and lacks some detail. The comparison of gravity to a magnet is not entirely accurate, but it does convey the idea of attraction. The student recognizes the relationship between mass and gravitational strength, as well as the role gravity plays in keeping us grounded on Earth.",75.0,57.54747849146432,11.916017770767212,0.6551430225372314
What is the water cycle?,"The water cycle describes how water evaporates from the surface of the earth, rises into the atmosphere, cools and condenses into clouds, and falls back to the surface as precipitation.","Water cycle is when water go up into sky, turn into cloud, then fall back down as rain or snow.","The student's answer covers the main aspects of the water cycle, mentioning evaporation, condensation, and precipitation, but it does so in informal language and lacks some detail when compared to the model answer.",75.0,67.21415115020262,9.726423025131226,0.9987702369689941
What is democracy?,"Democracy is a system of government where citizens exercise power by voting. In a direct democracy, the citizens as a whole form a governing body. In a representative democracy, citizens vote for representatives to handle legislation and governing.","Democracy where people vote and decide things. Sometimes all people decide, sometime they pick other people for decide.","The student's answer captures the basic essence of democracy as a system where people vote and make decisions. However, the answer lacks clarity, proper terminology (such as direct and representative democracy), and is not well-structured. The student does demonstrate some understanding of the concept but needs to improve on their explanation.",50.0,54.735605662395734,10.360399961471558,0.40851593017578125
What is a food chain?,"A food chain is a linear sequence of organisms where each one is eaten by the next member in the sequence. It begins with producer organisms, like plants, and ends with apex predators, followed by decomposers.","Food chain is like line of eating. Plant get eaten by small animals, them get eaten by big animals, then big animals die and get eaten by tiny bugs and stuff.","The student's answer provides a general idea of what a food chain is, describing the process of organisms being eaten by the next member in the sequence. Although the answer is informal and lacks specific terms like ""producer organisms,"" ""apex predators,"" and ""decomposers,"" the overall concept is understandable.",75.0,59.6890545599558,12.606287717819214,0.881721019744873
What is the theory of plate tectonics?,"The theory of plate tectonics postulates that the Earth's crust is made up of large pieces, or plates, that move around due to convection currents in the underlying mantle. These movements cause earthquakes, volcanic activity, and the creation of mountain ranges.","Earth's surface isn't one solid piece. It's like a giant jigsaw puzzle with big chunks that move about. These chunks bumping into each other or pulling apart, that's what makes volcanoes, mountains, and shakes.","The student's answer captures the main idea of the theory of plate tectonics - that Earth's crust is made up of moving pieces. The response also correctly identifies the relationship between plate movements and earthquakes, volcanic activity, and the creation of mountain ranges. However, the answer lacks some specific terminology, such as ""plates,"" ""convection currents,"" and ""mantle,"" and it uses casual language.",80.0,49.76375103096042,13.77139401435852,0.8634951114654541
What is photosynthesis?,"Photosynthesis is a process used by plants and other organisms to convert light energy, typically from the Sun, into chemical energy in the form of glucose, which fuels their activities.","Plants have this cool trick where they take sunlight and whip it up into their food, sort of like cooking up a meal!","The student's answer accurately captures the essence of photosynthesis, explaining that plants use sunlight to create their food, although it lacks some specific details and scientific terminology found in the model answer.",75.0,35.18109160663319,6.644125938415527,0.8650350570678711
What is democracy?,"Democracy is a system of government where citizens exercise power by voting. In a direct democracy, the citizens as a whole form a governing body. In a representative democracy, citizens vote for representatives to handle legislation and governing.","Democracy is like having a say in how things are run. You get a vote to choose who makes the rules. Sometimes it's everyone deciding together, other times we pick some folks to do the decision making for us.","The student's answer captures the essence of democracy, emphasizing the importance of citizens having a say and voting in the decision-making process. The answer also includes a mention of different forms of democracy, which is in line with the model answer. However, the student's answer could be more formal and precise in explaining the concepts.",85.0,61.420455547332665,11.218969106674194,0.39646410942077637
What is the water cycle?,"The water cycle describes how water evaporates from the surface of the earth, rises into the atmosphere, cools and condenses into clouds, and falls back to the surface as precipitation.","Water doesn't just stay still, it goes on a journey! It can turn into vapor and go up into the sky, then cools down and comes back down as rain or snow.","The student's answer accurately describes the process of the water cycle using simpler language and analogy of a journey. They mention evaporation, condensation, and precipitation, even if they don't use the technical terms. However, they don't mention that water evaporates from the earth's surface and that it transforms into clouds when cooled and condensed, which is a minor omission.",85.0,48.225298824938015,14.258731842041016,0.5275440216064453
What is a food chain?,"A food chain is a linear sequence of organisms where each one is eaten by the next member in the sequence. It begins with producer organisms, like plants, and ends with apex predators, followed by decomposers.","Food chain? That's just the order of who eats who in nature. It starts with plants and ends with the big, scary predators. Once they're gone, the leftovers are handled by those cleanup bugs and organisms.","The student's answer accurately describes the concept of a food chain, mentioning the starting point with plants, the ending point with predators, and the role of decomposers. Although the answer is less formal and uses colloquial language, the main idea is still conveyed effectively.",85.0,61.65553387784555,11.44245719909668,0.9523711204528809
What is photosynthesis?,"Photosynthesis is a process used by plants and other organisms to convert light energy, typically from the Sun, into chemical energy in the form of glucose, which fuels their activities.",Photosynthesis is when plants make their food using sunlight.,"The student's answer is not as detailed as the model answer, but it does convey the basic concept that plants use sunlight to produce their food. The answer lacks information such as energy conversion, the role of other organisms, and glucose as the end product.",75.0,70.38462920688976,11.437101125717163,1.2238779067993164
What is the theory of evolution by natural selection?,"The theory of evolution by natural selection, proposed by Charles Darwin, suggests that traits that enhance survival and reproduction become more common over generations in a population, leading to changes over time and potentially new species.",Evolution by natural selection is about how animals change over time.,"The student's answer briefly addresses the topic of evolution by natural selection and mentions that it is about how animals change over time. However, it lacks important details such as the role of survival and reproduction, the role of traits, and the fact that it was proposed by Charles Darwin.",60.0,58.94104934983877,9.205883026123047,0.8111381530761719
What is a constitutional monarchy?,A constitutional monarchy is a form of government in which a monarch acts as head of state within the parameters of a written or unwritten constitution. The monarch's roles are largely ceremonial with the real power lying with other political leaders.,A constitutional monarchy is when a country has a king or queen.,"The student's answer does not provide an adequate explanation of a constitutional monarchy, as it does not mention the role of the constitution or the ceremonial nature of the monarch's power. The answer is only partially correct and lacks important details required to fully understand the concept.",35.0,69.18032115411685,10.090962171554565,0.718034029006958
What is the principle of conservation of energy?,"The principle of conservation of energy states that energy can neither be created nor destroyed; instead, it can only be transferred or changed from one form to another.",Conservation of energy means that energy doesn't disappear.,"The student's answer somewhat captures the essence of the principle of conservation of energy, mentioning that energy doesn't disappear. However, it does not mention that energy cannot be created and that it can be transferred or changed from one form to another. As a result, the student's answer is only partially complete and could be improved.",60.0,59.641864445548606,14.491681098937988,0.7829532623291016
What is the water cycle?,"The water cycle describes how water evaporates from the surface of the earth, rises into the atmosphere, cools and condenses into clouds, and falls back to the surface as precipitation.",The water cycle is about how water moves from the ground to the sky and back.,"The student's answer briefly and accurately explains the main concept of the water cycle, even though it does not mention specific processes like evaporation, condensation, and precipitation. They understand that water moves from the ground to the sky and back to the ground, which is the essence of the water cycle.",75.0,71.9452515561909,10.217193841934204,0.7758030891418457
What is photosynthesis?,"Photosynthesis is a process used by plants and other organisms to convert light energy, typically from the Sun, into chemical energy in the form of glucose, which fuels their activities.",Photosynthesis is when plants sunbake and make their own food-energy stuff.,"The student has a basic understanding of the process of photosynthesis, mentioning that plants use sunlight to create their own source of energy. However, the answer lacks key details, such as the conversion of light energy into chemical energy or glucose, and the overall phrasing is informal and imprecise.",60.0,68.77237121191183,11.252223014831543,0.8203978538513184
What is a constitutional monarchy?,A constitutional monarchy is a form of government in which a monarch acts as head of state within the parameters of a written or unwritten constitution. The monarch's roles are largely ceremonial with the real power lying with other political leaders.,"A constitutional monarchy is where the king or queen is just for show, and the real boss work is done by the leader dudes.","The student's answer, while informal and not as detailed, captures the essence of a constitutional monarchy, highlighting that the monarch is mainly ceremonial and real power lies with other political leaders.",80.0,57.52008860402559,7.431442975997925,0.9310178756713867
What is the principle of conservation of energy?,"The principle of conservation of energy states that energy can neither be created nor destroyed; instead, it can only be transferred or changed from one form to another.","Conservation of energy means energy can't poof into or out of existence, it just changes its disguise.","The student's answer captures the fundamental concept of the principle of conservation of energy, albeit in an informal way. They have expressed the idea that energy cannot be created or destroyed, and that it changes forms.",90.0,69.10125552246353,9.574498176574707,0.9076380729675293
What is the theory of evolution by natural selection?,"The theory of evolution by natural selection, proposed by Charles Darwin, suggests that traits that enhance survival and reproduction become more common over generations in a population, leading to changes over time and potentially new species.","Evolution by natural selection is like the survival game where the best fit creatures pass on their winning traits to their babies, causing creature change over a long, long time.","The student's answer captures the essence of the theory of evolution by natural selection, highlighting the passing of advantageous traits to offspring and the change in species over time. Though it uses informal language, it communicates the main idea effectively.",85.0,61.68520701281758,7.060909986495972,0.8020820617675781
What is the water cycle?,"The water cycle describes how water evaporates from the surface of the earth, rises into the atmosphere, cools and condenses into clouds, and falls back to the surface as precipitation.","The water cycle is how water goes on its vacation - evaporating and becoming sky water, then falling back as rain or snow.","The student's answer captures the essence of the water cycle, mentioning evaporation, condensation, and precipitation (in the form of rain or snow). However, the answer is informal and lacks some detail when compared to the model answer.",75.0,72.66853870495606,10.30737829208374,0.853255033493042
What is photosynthesis?,"Photosynthesis is a process used by plants and other organisms to convert light energy, typically from the Sun, into chemical energy in the form of glucose, which fuels their activities.",Photosynthesis is how plants grow by absorbing water from the sun.,"While the student's answer does mention plants and a connection to the sun, it is not accurate in its description of the process. Photosynthesis is about converting light energy into chemical energy, not absorbing water from the sun for growth.",35.0,63.1252044800128,8.718240976333618,15.267684936523438
What is a constitutional monarchy?,A constitutional monarchy is a form of government in which a monarch acts as head of state within the parameters of a written or unwritten constitution. The monarch's roles are largely ceremonial with the real power lying with other political leaders.,A constitutional monarchy is a government where the king or queen makes the laws according to the constitution.,"The student's answer captures the essence of a constitutional monarchy, but it mistakenly states that the king or queen makes the laws according to the constitution. In reality, the monarch's roles are largely ceremonial with real power lying with other political leaders.",70.0,76.48640799310182,8.286887168884277,0.826282262802124
What is photosynthesis?,"Photosynthesis is a process used by plants and other organisms to convert light energy, typically from the Sun, into chemical energy in the form of glucose, which fuels their activities.",Photosynthesis is how plants grow by absorbing water from the sun.,"The student's answer contains the general idea that photosynthesis is related to plant growth, but there are significant inaccuracies, such as stating that plants absorb water from the sun. The student also fails to mention the conversion of light energy into chemical energy and the production of glucose.",40.0,63.1252044800128,11.288586854934692,0.8167808055877686
What is a constitutional monarchy?,A constitutional monarchy is a form of government in which a monarch acts as head of state within the parameters of a written or unwritten constitution. The monarch's roles are largely ceremonial with the real power lying with other political leaders.,A constitutional monarchy is a government where the king or queen makes the laws according to the constitution.,"The student's answer shows some understanding of a constitutional monarchy, as they recognize that it involves a king or queen. However, the answer is not entirely accurate, as it suggests that the monarch makes the laws according to the constitution, while in reality, their roles are mostly ceremonial and the real power lies with other political leaders.",60.0,76.48640799310182,13.023437023162842,0.8418228626251221
What is the principle of conservation of energy?,"The principle of conservation of energy states that energy can neither be created nor destroyed; instead, it can only be transferred or changed from one form to another.","Conservation of energy means that you always have to save energy, like turning off lights when you leave a room.","The student's answer does not correctly describe the principle of conservation of energy. The student's response focuses on saving energy by turning off lights, which is unrelated to the energy conservation principle in physics.",20.0,43.820848850677656,8.052030801773071,0.8632998466491699
What is the theory of evolution by natural selection?,"The theory of evolution by natural selection, proposed by Charles Darwin, suggests that traits that enhance survival and reproduction become more common over generations in a population, leading to changes over time and potentially new species.",Evolution by natural selection means that the strongest animals always survive and the weak ones die.,"The student's answer touches on the concept of survival but does not mention reproduction, traits becoming more common over generations, or the potential for new species. The answer is only partially accurate.",60.0,43.50218324012023,7.482905864715576,0.373004674911499
What is the water cycle?,"The water cycle describes how water evaporates from the surface of the earth, rises into the atmosphere, cools and condenses into clouds, and falls back to the surface as precipitation.","The water cycle is when water goes down the drain, gets cleaned, and then we can drink it again.","The student's answer does not accurately describe the water cycle and fails to mention the processes of evaporation, condensation, and precipitation. Instead, the student provided an incorrect explanation that refers to water treatment and not the natural water cycle.",10.0,60.45173671715833,12.62009310722351,0.8603498935699463
What is photosynthesis?,"Photosynthesis is a process used by plants and other organisms to convert light energy, typically from the Sun, into chemical energy in the form of glucose, which fuels their activities.",Photosynthesis is when sunlight turns into glucose which then makes plants grow bigger.,"The student's answer correctly identifies that photosynthesis involves sunlight and the production of glucose for plants to grow. However, it lacks the detail about it being a process where light energy is converted into chemical energy and that other organisms besides plants also use photosynthesis.",75.0,66.00680822993303,10.018523931503296,1.0247578620910645
What is a constitutional monarchy?,A constitutional monarchy is a form of government in which a monarch acts as head of state within the parameters of a written or unwritten constitution. The monarch's roles are largely ceremonial with the real power lying with other political leaders.,A constitutional monarchy is when the monarch writes the constitution and decides the laws of the state.,"The student's answer is not entirely accurate when compared to the model answer. The student claims that the monarch writes the constitution and decides the laws, which is not true. In a constitutional monarchy, the monarch's roles are primarily ceremonial with the real power lying with the other political leaders, as stated in the model answer.",40.0,76.15776037042798,11.005162954330444,0.3595719337463379
What is the principle of conservation of energy?,"The principle of conservation of energy states that energy can neither be created nor destroyed; instead, it can only be transferred or changed from one form to another.","Conservation of energy means that energy always stays the same, it never changes.",The student's answer captures the main idea of energy remaining constant but does not mention the crucial aspect of energy being transferred or changing forms. The answer is partially correct but lacks key information.,60.0,58.613563837727426,7.374920845031738,0.9304931163787842
What is the theory of evolution by natural selection?,"The theory of evolution by natural selection, proposed by Charles Darwin, suggests that traits that enhance survival and reproduction become more common over generations in a population, leading to changes over time and potentially new species.",Evolution by natural selection is about how the smartest animals survive and the dumb ones die out.,"The student's answer provides a basic understanding of the concept but lacks the critical details present in the model answer, such as the fact that this theory was proposed by Charles Darwin, and that it deals with the enhancement of survival and reproduction traits over time in a population. Additionally, describing it as ""smartest"" and ""dumb"" animals is an inaccurate and oversimplified representation of the concept.",60.0,45.80002757393519,13.295422077178955,0.3564131259918213
What is the water cycle?,"The water cycle describes how water evaporates from the surface of the earth, rises into the atmosphere, cools and condenses into clouds, and falls back to the surface as precipitation.","The water cycle is when water turns into vapor, then it cools down in the fridge and we can drink it.",The student's answer demonstrates a misunderstanding of the water cycle and its components. The answer confuses the process of evaporation and condensation in the atmosphere with the process of cooling water in a fridge for consumption.,20.0,56.32772261713846,13.606087923049927,0.8159182071685791
What is photosynthesis?,"Photosynthesis is a process used by plants and other organisms to convert light energy, typically from the Sun, into chemical energy in the form of glucose, which fuels their activities.",Photosynthesis is when plants eat sunlight and then they sweat out glucose.,"The student's answer touches on the basic concept of photosynthesis, mentioning sunlight and glucose production. However, the answer is not as accurate or detailed as the model answer, and the informal wording (e.g., ""eat"" and ""sweat out"") does not properly convey the scientific understanding of the process.",60.0,64.93586801671417,9.83194899559021,0.6830332279205322
What is a constitutional monarchy?,A constitutional monarchy is a form of government in which a monarch acts as head of state within the parameters of a written or unwritten constitution. The monarch's roles are largely ceremonial with the real power lying with other political leaders.,A constitutional monarchy is when the king or queen have to follow the constitution or else they lose their crown.,The student's answer captures the idea that the monarch is not above the constitution but simplifies the concept in a way that might lead to misunderstandings. The student does not mention the ceremonial nature of the monarch's role or the distribution of power to other political leaders.,60.0,70.4906190484279,6.779405117034912,0.8000669479370117
What is the principle of conservation of energy?,"The principle of conservation of energy states that energy can neither be created nor destroyed; instead, it can only be transferred or changed from one form to another.","Conservation of energy is when energy can't be destroyed or created, it just has to stay in a room.","The student's answer has the basic understanding that energy cannot be created or destroyed but missed the part about energy being transferred or changed from one form to another. Additionally, the student's phrasing about the energy having to ""stay in a room"" is factually incorrect and might indicate a misunderstanding.",60.0,65.35602819885888,10.364490985870361,0.896643877029419
What is the theory of evolution by natural selection?,"The theory of evolution by natural selection, proposed by Charles Darwin, suggests that traits that enhance survival and reproduction become more common over generations in a population, leading to changes over time and potentially new species.",Evolution by natural selection is when the biggest and toughest animals survive because they can fight off all the other animals.,"The student's answer captures the general idea of survival but fails to mention the crucial elements of the theory such as traits, reproduction, and the role of Charles Darwin. Furthermore, the answer oversimplifies the concept by only considering ""the biggest and toughest animals"" and does not cover changes over time or the potential for new species.",40.0,35.19217982117027,7.894574880599976,0.49344897270202637
What is the water cycle?,"The water cycle describes how water evaporates from the surface of the earth, rises into the atmosphere, cools and condenses into clouds, and falls back to the surface as precipitation.","The water cycle is when water from the ocean flies up to the sky, freezes into clouds, and then the clouds explode and the water comes back down.","The student's answer captures the general idea of the water cycle, but uses informal language and lacks some accuracy in describing the processes involved.",70.0,78.81365192121118,6.343019008636475,0.8070571422576904
What is photosynthesis?,"Photosynthesis is a process used by plants and other organisms to convert light energy, typically from the Sun, into chemical energy in the form of glucose, which fuels their activities.",Plants are really important because they give us oxygen so we can breathe.,The student's answer does not address the question about what photosynthesis is and instead talks about the importance of plants for providing oxygen. The answer is not accurate and fails to provide any information about the process of photosynthesis or how it converts light energy into chemical energy.,0.0,19.94078184611704,8.35007905960083,0.4248960018157959
What is a constitutional monarchy?,A constitutional monarchy is a form of government in which a monarch acts as head of state within the parameters of a written or unwritten constitution. The monarch's roles are largely ceremonial with the real power lying with other political leaders.,Monarchs are like butterflies and bees. They are very important for pollinating flowers.,"The student's answer is entirely off-topic and does not address the question about a constitutional monarchy. Instead, they discuss monarch butterflies and bees in relation to pollination which is unrelated to the subject matter.",0.0,19.77510312525768,5.498097896575928,0.4519166946411133
What is the principle of conservation of energy?,"The principle of conservation of energy states that energy can neither be created nor destroyed; instead, it can only be transferred or changed from one form to another.","Energy drinks can help you stay awake, but they're not good for you.","The student's answer does not address the principle of conservation of energy at all, and instead talks about energy drinks, which is off-topic and irrelevant.",0.0,21.633322998532392,6.496574878692627,0.6620428562164307
What is the theory of evolution by natural selection?,"The theory of evolution by natural selection, proposed by Charles Darwin, suggests that traits that enhance survival and reproduction become more common over generations in a population, leading to changes over time and potentially new species.",Darwin is a city in Australia. It's named after Charles Darwin who visited there on the HMS Beagle.,"The student's answer does not address the question about the theory of evolution by natural selection. It mentions Charles Darwin, but only in the context of the city named after him, and does not provide any information about the theory itself.",0.0,20.37571677315033,10.152152061462402,0.3621218204498291
What is the water cycle?,"The water cycle describes how water evaporates from the surface of the earth, rises into the atmosphere, cools and condenses into clouds, and falls back to the surface as precipitation.",Water is very important. You should drink eight glasses a day to stay healthy.,"The student's answer does not address the question about the water cycle and instead talks about water intake for personal health, which is not relevant to the topic.",0.0,12.970001441362703,6.9458160400390625,0.7865579128265381
What is photosynthesis?,"Photosynthesis is a process used by plants and other organisms to convert light energy, typically from the Sun, into chemical energy in the form of glucose, which fuels their activities.",Photosynthesis is when plants take in carbon dioxide and release oxygen to help people breathe.,"The student's answer has correctly identified that photosynthesis involves taking in carbon dioxide and releasing oxygen but did not mention the conversion of light energy into chemical energy as explained in the model answer. Therefore, the answer is partially correct but lacks the key aspect of energy conversion.",65.0,59.88831285159658,8.558536767959595,1.1635160446166992
What is a constitutional monarchy?,A constitutional monarchy is a form of government in which a monarch acts as head of state within the parameters of a written or unwritten constitution. The monarch's roles are largely ceremonial with the real power lying with other political leaders.,A constitutional monarchy is where the monarch has absolute power and controls everything.,"The student's answer contradicts the model answer and demonstrates a lack of understanding of the concept of a constitutional monarchy. The student states that the monarch has absolute power, which is incorrect, as the model answer emphasizes that the monarch's roles are largely ceremonial and the real power lies with other political leaders.",20.0,57.731490549388155,13.146336078643799,0.9725997447967529
What is the principle of conservation of energy?,"The principle of conservation of energy states that energy can neither be created nor destroyed; instead, it can only be transferred or changed from one form to another.",Conservation of energy means that we should use less energy to save the planet.,"The student's answer does not correctly address the principle of conservation of energy. Instead, it focuses on the idea of using less energy for environmental reasons. Consequently, the answer is inaccurate and not relevant to the question.",0.0,48.04023304116012,7.315699815750122,0.8886740207672119
What is the theory of evolution by natural selection?,"The theory of evolution by natural selection, proposed by Charles Darwin, suggests that traits that enhance survival and reproduction become more common over generations in a population, leading to changes over time and potentially new species.","Evolution by natural selection is when an animal changes in its lifetime to survive better, and then passes these changes on to its offspring.","The student's answer captures the general idea of evolution by natural selection, but they misunderstand the process, as they suggest that changes happen within an individual's lifetime and are then passed on to offspring. This is incorrect, as the theory actually states that inherited traits that enhance survival and reproduction become more common over generations. Therefore, the student's answer is only partially accurate.",60.0,62.04383087302325,17.794600009918213,0.5266478061676025
What is the water cycle?,"The water cycle describes how water evaporates from the surface of the earth, rises into the atmosphere, cools and condenses into clouds, and falls back to the surface as precipitation.",The water cycle is when water from the sea goes to the factories to be cleaned and then sent to our homes through pipes.,"The student's answer does not accurately describe the water cycle, focusing on a different concept (water treatment and distribution) instead. It misses the main components such as evaporation, condensation, and precipitation.",10.0,57.13888447224793,7.5290491580963135,0.8595750331878662
